caso,apariciones,area_menor_15
001,727,1
002,658,1
003,550,0
004,493,2
005,508,1
006,513,3
007,518,2
008,663,5
009,687,3
010,677,3
011,693,3
012,519,4
013,689,3
014,561,2
015,551,7
016,553,3
017,501,7
018,717,2
019,681,3
020,665,1
021,734,2
022,589,2
023,718,3
024,722,2
025,506,4
026,553,4
027,653,4
028,547,5
029,644,3
030,570,1
031,576,2
032,648,4
033,743,2
034,684,3
035,766,3
036,567,4
037,552,2
038,676,2
039,659,1
040,647,1
041,676,1
042,693,1
043,548,3
044,902,4
045,572,0
046,561,2
047,453,2
048,667,2
049,704,0
050,722,4
051,722,5
052,661,2
053,515,1
054,563,1
055,533,1
056,514,5
057,631,3
058,560,3
059,683,1
060,747,3
061,683,1
062,576,1
063,558,3
064,657,3
065,638,5
066,572,1
067,700,2
068,746,4
069,670,3
070,715,1
071,653,3
072,570,1
073,673,2
074,713,2
075,594,4
076,660,0
077,676,1
078,701,3
079,576,3
080,587,1
081,676,1
082,579,2
083,652,3
084,564,5
085,690,5
086,574,4
087,695,3
088,714,4
089,559,1
090,678,4
091,487,2
092,577,1
093,590,1
094,701,5
095,524,2
096,660,2
097,573,3
098,691,3
099,505,2
100,626,4
