caso,region,etiqueta,fragmento,vol_ml,es_principal,n_componentes,dist_mm_gt,en_contacto
001,SA,1,1,223.896,True,,,
001,LI,11,1,372.165,True,,,
001,LI,12,2,31.229,False,2.0,0.78,True
001,RI,21,1,412.28,True,,,
002,SA,1,1,176.045,True,,,
002,SA,2,2,21.243,False,1.0,0.8,True
002,LI,11,1,273.12,True,,,
002,RI,21,1,255.697,True,,,
002,RI,22,2,8.293,False,1.0,0.8,True
002,RI,23,3,10.398,False,3.0,0.8,True
003,SA,1,1,181.401,True,,,
003,LI,11,1,236.036,True,,,
003,LI,12,2,19.342,False,3.0,0.76,True
003,LI,13,3,35.931,False,1.0,0.76,True
003,LI,14,4,3.925,False,1.0,0.76,True
003,RI,21,1,281.042,True,,,
004,SA,1,1,119.556,True,,,
004,SA,2,2,30.038,False,1.0,0.84,True
004,LI,11,1,204.583,True,,,
004,LI,12,2,20.522,False,1.0,0.84,True
004,RI,21,1,214.046,True,,,
004,RI,22,2,10.148,False,1.0,0.84,True
005,SA,1,1,156.296,True,,,
005,LI,11,1,173.587,True,,,
005,LI,12,2,68.271,False,1.0,0.9,True
005,RI,21,1,216.147,True,,,
005,RI,22,2,21.368,False,1.0,0.9,True
005,RI,23,3,7.082,False,1.0,24.29,False
006,SA,1,1,50.187,True,,,
006,SA,2,2,34.906,False,9.0,0.81,True
006,SA,3,3,22.183,False,4.0,0.81,True
006,SA,4,4,45.07,False,3.0,0.81,True
006,LI,11,1,202.453,True,,,
006,RI,21,1,189.724,True,,,
006,RI,22,2,11.133,False,1.0,6.77,False
007,SA,1,1,171.208,True,,,
007,LI,11,1,261.657,True,,,
007,LI,12,2,15.031,False,4.0,0.84,True
007,LI,13,3,9.072,False,1.0,0.84,True
007,RI,21,1,281.719,True,,,
007,RI,22,2,3.922,False,1.0,0.84,True
007,RI,23,3,2.415,False,1.0,10.36,False
008,SA,1,1,152.779,True,,,
008,LI,11,1,168.241,True,,,
008,LI,12,2,22.911,False,3.0,0.74,True
008,LI,13,3,70.436,False,1.0,0.74,True
008,RI,21,1,258.121,True,,,
009,SA,1,1,226.861,True,,,
009,LI,11,1,315.171,True,,,
009,RI,21,1,221.128,True,,,
009,RI,22,2,64.803,False,2.0,0.8,True
009,RI,23,3,32.689,False,1.0,0.8,True
010,SA,1,1,195.325,True,,,
010,LI,11,1,155.206,True,,,
010,LI,12,2,19.132,False,1.0,0.8,True
010,LI,13,3,71.339,False,1.0,0.8,True
010,RI,21,1,251.327,True,,,
011,SA,1,1,183.803,True,,,
011,LI,11,1,217.38,True,,,
011,LI,12,2,94.982,False,1.0,0.8,True
011,LI,13,3,3.775,False,1.0,0.8,True
011,RI,21,1,286.262,True,,,
011,RI,22,2,38.159,False,1.0,0.8,True
012,SA,1,1,204.546,True,,,
012,LI,11,1,178.471,True,,,
012,LI,12,2,18.867,False,1.0,0.88,True
012,LI,13,3,82.062,False,1.0,0.88,True
012,RI,21,1,275.086,True,,,
013,SA,1,1,167.225,True,,,
013,LI,11,1,288.938,True,,,
013,RI,21,1,253.524,True,,,
013,RI,22,2,38.276,False,1.0,0.78,True
013,RI,23,3,8.208,False,4.0,0.78,True
014,SA,1,1,139.242,True,,,
014,SA,2,2,51.197,False,2.0,0.79,True
014,LI,11,1,330.381,True,,,
014,RI,21,1,236.901,True,,,
014,RI,22,2,42.181,False,1.0,0.79,True
014,RI,23,3,41.202,False,1.0,0.79,True
014,RI,24,4,7.814,False,1.0,5.2,False
015,SA,1,1,146.94,True,,,
015,SA,2,2,43.522,False,1.0,0.82,True
015,LI,11,1,238.377,True,,,
015,LI,12,2,28.78,False,1.0,0.82,True
015,LI,13,3,7.308,False,1.0,0.82,True
015,RI,21,1,274.994,True,,,
016,SA,1,1,207.664,True,,,
016,LI,11,1,338.557,True,,,
016,LI,12,2,18.417,False,1.0,0.78,True
016,RI,21,1,281.064,True,,,
016,RI,22,2,9.905,False,4.0,0.78,True
016,RI,23,3,71.695,False,1.0,0.78,True
017,SA,1,1,152.51,True,,,
017,LI,11,1,146.186,True,,,
017,LI,12,2,19.02,False,1.0,0.78,True
017,LI,13,3,70.881,False,1.0,0.78,True
017,RI,21,1,232.907,True,,,
018,SA,1,1,235.788,True,,,
018,LI,11,1,356.395,True,,,
018,RI,21,1,257.91,True,,,
018,RI,22,2,107.895,False,1.0,0.78,True
019,SA,1,1,140.118,True,,,
019,SA,2,2,42.955,False,1.0,0.69,True
019,LI,11,1,246.914,True,,,
019,RI,21,1,243.703,True,,,
020,SA,1,1,172.924,True,,,
020,SA,2,2,12.32,False,1.0,0.78,True
020,LI,11,1,293.696,True,,,
020,LI,12,2,19.198,False,1.0,0.78,True
020,RI,21,1,311.917,True,,,
021,SA,1,1,200.516,True,,,
021,LI,11,1,266.92,True,,,
021,LI,12,2,57.766,False,2.0,0.78,True
021,LI,13,3,25.943,False,1.0,0.78,True
021,RI,21,1,245.7,True,,,
021,RI,22,2,108.668,False,3.0,0.78,True
021,RI,23,3,4.919,False,4.0,0.78,True
022,SA,1,1,175.16,True,,,
022,LI,11,1,327.67,True,,,
022,RI,21,1,329.091,True,,,
023,SA,1,1,182.647,True,,,
023,LI,11,1,319.862,True,,,
023,LI,12,2,0.807,False,2.0,0.78,True
023,RI,21,1,305.346,True,,,
023,RI,22,2,33.504,False,1.0,0.78,True
024,SA,1,1,168.873,True,,,
024,SA,2,2,37.568,False,1.0,0.78,True
024,LI,11,1,264.761,True,,,
024,LI,12,2,19.313,False,1.0,0.78,True
024,LI,13,3,1.307,False,1.0,20.07,False
024,LI,14,4,1.595,False,1.0,4.54,False
024,RI,21,1,270.52,True,,,
024,RI,22,2,10.609,False,2.0,0.78,True
024,RI,23,3,7.882,False,1.0,0.78,True
025,SA,1,1,165.007,True,,,
025,LI,11,1,234.532,True,,,
025,LI,12,2,11.731,False,1.0,0.78,True
025,LI,13,3,3.299,False,2.0,0.78,True
025,RI,21,1,138.548,True,,,
025,RI,22,2,32.026,False,1.0,0.78,True
025,RI,23,3,72.131,False,2.0,0.78,True
025,RI,24,4,8.536,False,2.0,3.17,False
026,SA,1,1,186.626,True,,,
026,LI,11,1,176.252,True,,,
026,LI,12,2,31.193,False,1.0,0.81,True
026,LI,13,3,89.959,False,1.0,0.81,True
026,RI,21,1,300.84,True,,,
027,SA,1,1,150.135,True,,,
027,LI,11,1,235.987,True,,,
027,RI,21,1,146.418,True,,,
027,RI,22,2,20.202,False,1.0,0.8,True
027,RI,23,3,73.285,False,1.0,0.8,True
028,SA,1,1,198.212,True,,,
028,SA,2,2,14.56,False,1.0,0.83,True
028,LI,11,1,290.922,True,,,
028,LI,12,2,20.542,False,2.0,0.83,True
028,RI,21,1,238.922,True,,,
028,RI,22,2,32.758,False,2.0,0.83,True
028,RI,23,3,38.603,False,1.0,0.83,True
029,SA,1,1,128.183,True,,,
029,SA,2,2,23.987,False,1.0,0.78,True
029,LI,11,1,242.309,True,,,
029,RI,21,1,218.484,True,,,
029,RI,22,2,20.772,False,1.0,0.78,True
030,SA,1,1,209.66,True,,,
030,LI,11,1,341.198,True,,,
030,LI,12,2,18.835,False,1.0,0.77,True
030,RI,21,1,279.203,True,,,
030,RI,22,2,9.849,False,1.0,0.77,True
030,RI,23,3,84.926,False,1.0,0.77,True
031,SA,1,1,167.301,True,,,
031,SA,2,2,1.564,False,1.0,0.78,True
031,LI,11,1,269.555,True,,,
031,LI,12,2,15.426,False,2.0,0.78,True
031,RI,21,1,220.745,True,,,
031,RI,22,2,9.296,False,5.0,0.78,True
031,RI,23,3,44.611,False,2.0,0.78,True
031,RI,24,4,15.175,False,1.0,2.67,False
032,SA,1,1,161.101,True,,,
032,LI,11,1,221.848,True,,,
032,LI,12,2,23.677,False,1.0,0.78,True
032,RI,21,1,199.233,True,,,
032,RI,22,2,21.796,False,2.0,0.78,True
032,RI,23,3,21.793,False,1.0,0.78,True
033,SA,1,1,204.36,True,,,
033,SA,2,2,48.604,False,2.0,0.8,True
033,LI,11,1,355.268,True,,,
033,RI,21,1,314.629,True,,,
033,RI,22,2,32.615,False,2.0,0.8,True
034,SA,1,1,163.636,True,,,
034,LI,11,1,157.3,True,,,
034,LI,12,2,22.08,False,1.0,0.8,True
034,LI,13,3,71.643,False,1.0,0.8,True
034,RI,21,1,256.213,True,,,
035,SA,1,1,227.604,True,,,
035,LI,11,1,306.097,True,,,
035,LI,12,2,31.538,False,2.0,0.8,True
035,RI,21,1,367.549,True,,,
036,SA,1,1,213.632,True,,,
036,LI,11,1,256.794,True,,,
036,LI,12,2,19.332,False,1.0,0.78,True
036,LI,13,3,47.463,False,1.0,0.78,True
036,LI,14,4,4.183,False,4.0,0.78,True
036,RI,21,1,313.286,True,,,
037,SA,1,1,172.037,True,,,
037,SA,2,2,0.947,False,1.0,11.52,False
037,LI,11,1,254.569,True,,,
037,LI,12,2,18.695,False,1.0,0.78,True
037,RI,21,1,247.608,True,,,
037,RI,22,2,15.049,False,1.0,0.78,True
038,SA,1,1,128.156,True,,,
038,SA,2,2,31.513,False,2.0,0.78,True
038,LI,11,1,267.532,True,,,
038,RI,21,1,239.772,True,,,
038,RI,22,2,26.717,False,1.0,0.78,True
038,RI,23,3,0.519,False,1.0,7.7,False
039,SA,1,1,118.755,True,,,
039,SA,2,2,56.363,False,1.0,0.8,True
039,SA,3,3,34.163,False,1.0,0.8,True
039,LI,11,1,201.696,True,,,
039,LI,12,2,96.546,False,2.0,0.8,True
039,RI,21,1,274.472,True,,,
039,RI,22,2,16.536,False,1.0,0.8,True
039,RI,23,3,1.9,False,1.0,35.12,False
039,RI,24,4,3.917,False,1.0,0.8,True
040,SA,1,1,116.719,True,,,
040,SA,2,2,35.711,False,1.0,0.78,True
040,LI,11,1,184.677,True,,,
040,LI,12,2,14.528,False,1.0,0.78,True
040,RI,21,1,185.086,True,,,
040,RI,22,2,14.472,False,1.0,0.78,True
041,SA,1,1,169.958,True,,,
041,SA,2,2,6.268,False,7.0,0.78,True
041,LI,11,1,209.746,True,,,
041,LI,12,2,2.195,False,1.0,0.78,True
041,LI,13,3,90.39,False,1.0,0.78,True
041,LI,14,4,22.361,False,1.0,0.78,True
041,RI,21,1,309.432,True,,,
042,SA,1,1,183.678,True,,,
042,LI,11,1,283.943,True,,,
042,RI,21,1,219.963,True,,,
042,RI,22,2,24.432,False,1.0,0.8,True
042,RI,23,3,41.962,False,1.0,0.8,True
043,SA,1,1,215.112,True,,,
043,LI,11,1,222.553,True,,,
043,LI,12,2,80.981,False,1.0,0.86,True
043,RI,21,1,298.088,True,,,
043,RI,22,2,17.921,False,1.0,0.86,True
044,SA,1,1,171.088,True,,,
044,LI,11,1,302.635,True,,,
044,RI,21,1,279.489,True,,,
044,RI,22,2,17.694,False,2.0,0.62,True
045,SA,1,1,211.026,True,,,
045,SA,2,2,2.334,False,6.0,0.86,True
045,LI,11,1,284.608,True,,,
045,LI,12,2,10.99,False,1.0,0.86,True
045,LI,13,3,63.67,False,1.0,0.86,True
045,RI,21,1,329.691,True,,,
045,RI,22,2,20.134,False,1.0,0.86,True
046,SA,1,1,220.11,True,,,
046,LI,11,1,281.92,True,,,
046,RI,21,1,179.08,True,,,
046,RI,22,2,24.417,False,1.0,0.78,True
046,RI,23,3,35.812,False,3.0,0.78,True
046,RI,24,4,54.299,False,4.0,1.56,False
047,SA,1,1,224.811,True,,,
047,LI,11,1,241.577,True,,,
047,LI,12,2,22.862,False,1.0,0.75,True
047,LI,13,3,10.037,False,2.0,0.75,True
047,RI,21,1,268.186,True,,,
048,SA,1,1,149.602,True,,,
048,LI,11,1,259.347,True,,,
048,RI,21,1,260.705,True,,,
048,RI,22,2,15.568,False,1.0,0.8,True
049,SA,1,1,176.309,True,,,
049,LI,11,1,229.798,True,,,
049,LI,12,2,23.53,False,2.0,6.56,False
049,LI,13,3,36.96,False,1.0,0.77,True
049,LI,14,4,1.734,False,1.0,0.77,True
049,LI,15,5,2.351,False,1.0,0.77,True
049,LI,16,6,6.675,False,1.0,0.77,True
049,RI,21,1,302.66,True,,,
050,SA,1,1,187.568,True,,,
050,LI,11,1,330.492,True,,,
050,RI,21,1,248.389,True,,,
050,RI,22,2,29.46,False,1.0,0.68,True
050,RI,23,3,63.682,False,2.0,0.68,True
051,SA,1,1,202.92,True,,,
051,LI,11,1,331.672,True,,,
051,RI,21,1,243.686,True,,,
051,RI,22,2,18.493,False,3.0,0.8,True
051,RI,23,3,53.723,False,1.0,0.8,True
051,RI,24,4,7.473,False,1.0,0.8,True
052,SA,1,1,168.6,True,,,
052,SA,2,2,18.952,False,2.0,0.8,True
052,LI,11,1,219.225,True,,,
052,LI,12,2,22.826,False,2.0,0.8,True
052,RI,21,1,254.339,True,,,
052,RI,22,2,5.478,False,1.0,2.01,False
052,RI,23,3,0.282,False,1.0,3.46,False
053,SA,1,1,174.435,True,,,
053,SA,2,2,3.268,False,1.0,0.78,True
053,LI,11,1,287.373,True,,,
053,RI,21,1,200.286,True,,,
053,RI,22,2,19.308,False,1.0,0.78,True
053,RI,23,3,77.059,False,1.0,0.78,True
054,SA,1,1,207.241,True,,,
054,LI,11,1,190.673,True,,,
054,LI,12,2,75.191,False,1.0,2.12,False
054,RI,21,1,232.506,True,,,
054,RI,22,2,14.72,False,6.0,1.94,False
054,RI,23,3,7.236,False,1.0,13.6,False
054,RI,24,4,1.191,False,1.0,40.37,False
055,SA,1,1,177.354,True,,,
055,LI,11,1,240.281,True,,,
055,RI,21,1,168.1,True,,,
055,RI,22,2,11.31,False,1.0,0.83,True
055,RI,23,3,60.716,False,1.0,0.83,True
055,RI,24,4,2.857,False,1.0,5.11,False
056,SA,1,1,157.078,True,,,
056,LI,11,1,242.517,True,,,
056,RI,21,1,176.872,True,,,
056,RI,22,2,12.483,False,1.0,0.78,True
056,RI,23,3,62.605,False,1.0,0.78,True
056,RI,24,4,5.185,False,3.0,0.78,True
057,SA,1,1,195.932,True,,,
057,SA,2,2,41.732,False,1.0,0.97,True
057,LI,11,1,318.491,True,,,
057,LI,12,2,36.984,False,1.0,0.97,True
057,LI,13,3,0.683,False,1.0,0.97,True
057,LI,14,4,7.508,False,1.0,0.97,True
057,RI,21,1,383.242,True,,,
058,SA,1,1,131.943,True,,,
058,SA,2,2,37.796,False,1.0,0.94,True
058,LI,11,1,237.361,True,,,
058,LI,12,2,24.919,False,3.0,0.94,True
058,LI,13,3,4.183,False,2.0,0.94,True
058,RI,21,1,265.714,True,,,
059,SA,1,1,214.837,True,,,
059,LI,11,1,222.868,True,,,
059,LI,12,2,81.473,False,1.0,0.8,True
059,RI,21,1,296.635,True,,,
059,RI,22,2,21.254,False,1.0,0.8,True
060,SA,1,1,197.862,True,,,
060,SA,2,2,35.423,False,1.0,0.8,True
060,LI,11,1,339.391,True,,,
060,RI,21,1,299.404,True,,,
060,RI,22,2,32.883,False,1.0,0.8,True
060,RI,23,3,1.276,False,1.0,0.8,True
061,SA,1,1,169.973,True,,,
061,LI,11,1,252.673,True,,,
061,RI,21,1,142.449,True,,,
061,RI,22,2,17.472,False,1.0,0.79,True
061,RI,23,3,89.746,False,1.0,0.79,True
062,SA,1,1,192.854,True,,,
062,SA,2,2,17.31,False,2.0,0.78,True
062,LI,11,1,303.74,True,,,
062,LI,12,2,30.762,False,1.0,0.78,True
062,RI,21,1,340.989,True,,,
063,SA,1,1,125.834,True,,,
063,SA,2,2,83.53,False,5.0,0.81,True
063,SA,3,3,3.966,False,5.0,0.81,True
063,LI,11,1,329.648,True,,,
063,RI,21,1,331.465,True,,,
064,SA,1,1,130.28,True,,,
064,SA,2,2,8.022,False,5.0,0.78,True
064,SA,3,3,60.479,False,3.0,0.78,True
064,LI,11,1,305.239,True,,,
064,RI,21,1,186.596,True,,,
064,RI,22,2,24.335,False,5.0,0.78,True
064,RI,23,3,90.958,False,1.0,0.78,True
065,SA,1,1,212.478,True,,,
065,LI,11,1,210.407,True,,,
065,LI,12,2,49.905,False,1.0,0.78,True
065,RI,21,1,264.934,True,,,
066,SA,1,1,221.044,True,,,
066,SA,2,2,44.171,False,1.0,0.78,True
066,LI,11,1,390.946,True,,,
066,LI,12,2,17.17,False,2.0,0.78,True
066,LI,13,3,3.704,False,1.0,0.78,True
066,LI,14,4,2.059,False,2.0,1.86,False
066,RI,21,1,416.131,True,,,
067,SA,1,1,167.813,True,,,
067,SA,2,2,32.604,False,2.0,0.8,True
067,LI,11,1,299.105,True,,,
067,RI,21,1,275.054,True,,,
067,RI,22,2,24.632,False,1.0,0.8,True
068,SA,1,1,162.483,True,,,
068,SA,2,2,27.786,False,1.0,0.8,True
068,SA,3,3,41.293,False,2.0,0.8,True
068,LI,11,1,366.202,True,,,
068,RI,21,1,333.659,True,,,
068,RI,22,2,26.199,False,1.0,0.8,True
068,RI,23,3,10.018,False,2.0,0.8,True
069,SA,1,1,206.116,True,,,
069,SA,2,2,8.43,False,4.0,0.8,True
069,LI,11,1,230.587,True,,,
069,LI,12,2,11.11,False,2.0,0.8,True
069,LI,13,3,15.992,False,4.0,0.8,True
069,RI,21,1,249.266,True,,,
069,RI,22,2,14.507,False,1.0,0.8,True
070,SA,1,1,142.069,True,,,
070,SA,2,2,31.676,False,1.0,0.66,True
070,LI,11,1,270.906,True,,,
070,LI,12,2,10.877,False,1.0,0.66,True
070,RI,21,1,285.068,True,,,
071,SA,1,1,117.588,True,,,
071,SA,2,2,38.167,False,2.0,0.8,True
071,LI,11,1,227.283,True,,,
071,LI,12,2,6.446,False,2.0,0.8,True
071,RI,21,1,238.79,True,,,
072,SA,1,1,206.114,True,,,
072,LI,11,1,280.121,True,,,
072,LI,12,2,48.731,False,1.0,0.82,True
072,RI,21,1,332.079,True,,,
073,SA,1,1,179.355,True,,,
073,LI,11,1,233.954,True,,,
073,RI,21,1,150.923,True,,,
073,RI,22,2,17.211,False,2.0,0.78,True
073,RI,23,3,72.064,False,2.0,0.78,True
074,SA,1,1,202.521,True,,,
074,SA,2,2,40.469,False,1.0,0.8,True
074,LI,11,1,333.442,True,,,
074,RI,21,1,303.943,True,,,
074,RI,22,2,26.69,False,1.0,0.8,True
075,SA,1,1,158.949,True,,,
075,SA,2,2,41.329,False,3.0,0.85,True
075,SA,3,3,2.183,False,3.0,0.85,True
075,LI,11,1,305.109,True,,,
075,LI,12,2,25.909,False,1.0,4.54,False
075,LI,13,3,0.641,False,1.0,6.0,False
075,RI,21,1,330.99,True,,,
076,SA,1,1,169.588,True,,,
076,SA,2,2,1.46,False,1.0,0.78,True
076,LI,11,1,238.315,True,,,
076,LI,12,2,13.961,False,2.0,0.78,True
076,LI,13,3,23.794,False,1.0,0.78,True
076,RI,21,1,271.094,True,,,
077,SA,1,1,186.413,True,,,
077,LI,11,1,129.962,True,,,
077,LI,12,2,18.247,False,1.0,0.72,True
077,LI,13,3,100.496,False,1.0,0.72,True
077,LI,14,4,2.335,False,1.0,0.72,True
077,RI,21,1,266.648,True,,,
078,SA,1,1,192.945,True,,,
078,LI,11,1,266.124,True,,,
078,LI,12,2,59.208,False,1.0,0.8,True
078,RI,21,1,321.359,True,,,
079,SA,1,1,161.182,True,,,
079,LI,11,1,214.713,True,,,
079,LI,12,2,26.992,False,3.0,0.69,True
079,LI,13,3,5.021,False,2.0,0.69,True
079,RI,21,1,220.134,True,,,
079,RI,22,2,12.09,False,1.0,0.69,True
079,RI,23,3,5.533,False,1.0,0.69,True
080,SA,1,1,199.879,True,,,
080,SA,2,2,40.29,False,9.0,0.78,True
080,LI,11,1,381.052,True,,,
080,RI,21,1,394.742,True,,,
081,SA,1,1,211.999,True,,,
081,LI,11,1,326.759,True,,,
081,RI,21,1,288.136,True,,,
081,RI,22,2,33.211,False,1.0,0.8,True
082,SA,1,1,211.864,True,,,
082,LI,11,1,297.664,True,,,
082,RI,21,1,275.472,True,,,
082,RI,22,2,17.634,False,2.0,0.81,True
083,SA,1,1,150.593,True,,,
083,LI,11,1,247.619,True,,,
083,LI,12,2,28.233,False,1.0,0.75,True
083,LI,13,3,11.839,False,1.0,0.75,True
083,RI,21,1,265.017,True,,,
083,RI,22,2,25.127,False,2.0,0.75,True
084,SA,1,1,128.853,True,,,
084,SA,2,2,38.651,False,5.0,0.85,True
084,LI,11,1,301.694,True,,,
084,LI,12,2,11.897,False,1.0,2.74,False
084,LI,13,3,1.041,False,1.0,0.85,True
084,LI,14,4,0.813,False,1.0,12.93,False
084,RI,21,1,282.171,True,,,
084,RI,22,2,29.324,False,3.0,0.85,True
085,SA,1,1,184.247,True,,,
085,SA,2,2,0.313,False,1.0,7.51,False
085,LI,11,1,112.734,True,,,
085,LI,12,2,14.793,False,1.0,50.82,False
085,LI,13,3,75.382,False,1.0,0.8,True
085,LI,14,4,79.207,False,1.0,0.8,True
085,RI,21,1,256.163,True,,,
085,RI,22,2,16.121,False,2.0,0.8,True
086,SA,1,1,95.104,True,,,
086,SA,2,2,55.758,False,2.0,0.66,True
086,LI,11,1,242.382,True,,,
086,LI,12,2,19.347,False,1.0,0.66,True
086,LI,13,3,2.062,False,1.0,0.66,True
086,RI,21,1,252.768,True,,,
086,RI,22,2,24.332,False,2.0,0.66,True
087,SA,1,1,97.671,True,,,
087,SA,2,2,42.359,False,2.0,0.8,True
087,SA,3,3,54.956,False,4.0,0.8,True
087,LI,11,1,265.228,True,,,
087,LI,12,2,70.354,False,1.0,0.8,True
087,LI,13,3,1.269,False,1.0,0.8,True
087,LI,14,4,2.058,False,1.0,6.73,False
087,RI,21,1,350.991,True,,,
088,SA,1,1,210.84,True,,,
088,LI,11,1,374.386,True,,,
088,RI,21,1,299.215,True,,,
088,RI,22,2,69.075,False,1.0,0.8,True
089,SA,1,1,225.679,True,,,
089,LI,11,1,310.939,True,,,
089,LI,12,2,17.617,False,1.0,0.78,True
089,LI,13,3,2.439,False,1.0,0.78,True
089,RI,21,1,292.369,True,,,
089,RI,22,2,38.277,False,1.0,0.78,True
090,SA,1,1,187.948,True,,,
090,LI,11,1,241.271,True,,,
090,LI,12,2,26.472,False,2.0,0.8,True
090,RI,21,1,213.039,True,,,
090,RI,22,2,25.088,False,1.0,0.8,True
090,RI,23,3,32.165,False,1.0,0.8,True
091,SA,1,1,146.131,True,,,
091,LI,11,1,135.729,True,,,
091,LI,12,2,14.837,False,1.0,0.7,True
091,LI,13,3,49.736,False,1.0,0.7,True
091,RI,21,1,211.12,True,,,
092,SA,1,1,222.527,True,,,
092,LI,11,1,312.634,True,,,
092,LI,12,2,50.759,False,1.0,0.88,True
092,RI,21,1,336.046,True,,,
092,RI,22,2,32.276,False,1.0,0.88,True
093,SA,1,1,235.137,True,,,
093,LI,11,1,287.662,True,,,
093,LI,12,2,22.363,False,3.0,0.76,True
093,LI,13,3,57.158,False,1.0,0.76,True
093,RI,21,1,363.678,True,,,
094,SA,1,1,154.003,True,,,
094,SA,2,2,31.207,False,3.0,0.8,True
094,LI,11,1,262.554,True,,,
094,RI,21,1,242.058,True,,,
094,RI,22,2,18.567,False,1.0,0.8,True
095,SA,1,1,160.312,True,,,
095,LI,11,1,174.9,True,,,
095,LI,12,2,22.97,False,2.0,0.68,True
095,LI,13,3,73.41,False,2.0,0.68,True
095,RI,21,1,274.839,True,,,
096,SA,1,1,181.892,True,,,
096,LI,11,1,223.929,True,,,
096,LI,12,2,34.984,False,3.0,0.78,True
096,RI,21,1,189.804,True,,,
096,RI,22,2,69.342,False,1.0,0.78,True
096,RI,23,3,10.283,False,1.0,73.12,False
097,SA,1,1,144.376,True,,,
097,SA,2,2,34.913,False,12.0,0.88,True
097,LI,11,1,329.606,True,,,
097,LI,12,2,26.587,False,1.0,2.18,False
097,RI,21,1,342.249,True,,,
097,RI,22,2,13.683,False,7.0,0.88,True
098,SA,1,1,208.889,True,,,
098,SA,2,2,30.59,False,2.0,0.78,True
098,LI,11,1,271.67,True,,,
098,LI,12,2,10.943,False,2.0,0.78,True
098,RI,21,1,274.121,True,,,
099,SA,1,1,117.447,True,,,
099,SA,2,2,33.718,False,1.0,0.78,True
099,LI,11,1,202.946,True,,,
099,LI,12,2,12.518,False,2.0,14.23,False
099,RI,21,1,206.151,True,,,
099,RI,22,2,18.254,False,1.0,0.78,True
100,SA,1,1,102.71,True,,,
100,SA,2,2,38.001,False,2.0,0.8,True
100,LI,11,1,157.145,True,,,
100,LI,12,2,17.619,False,4.0,0.8,True
100,LI,13,3,42.474,False,1.0,0.8,True
100,RI,21,1,208.211,True,,,
100,RI,22,2,15.295,False,1.0,0.8,True
