caso,nz,ny,nx,sz_mm,sy_mm,sx_mm,cortes_SA,cortes_LI,cortes_RI,cortes_con_hueso,n_frag_SA,vol_ml_SA,principal_es_mayor_SA,n_frag_LI,vol_ml_LI,principal_es_mayor_LI,n_frag_RI,vol_ml_RI,principal_es_mayor_RI,n_frag_total,regiones_fracturadas
001,401,512,512,0.800000011920929,0.78125,0.78125,170,274,283,291,1,223.9,True,2,403.39,True,1,412.28,True,4,1
002,337,276,413,0.800000011920929,0.82421875,0.82421875,167,246,245,258,2,197.29,True,1,273.12,True,3,274.39,True,6,2
003,285,381,512,1.0,0.759765625,0.759765625,134,206,210,213,1,181.4,True,4,295.23,True,1,281.04,True,6,1
004,224,254,386,1.0,0.84375,0.84375,137,174,182,183,2,149.59,True,2,225.11,True,2,224.19,True,6,3
005,312,512,512,1.0,0.896484375,0.896484375,123,192,193,193,1,156.3,True,2,241.86,True,3,244.6,True,6,2
006,283,279,426,1.0,0.8125,0.8125,142,185,186,188,4,152.35,True,1,202.45,True,2,200.86,True,7,2
007,317,512,512,1.0,0.8359375,0.8359375,126,194,198,199,1,171.21,True,3,285.76,True,3,288.06,True,7,2
008,335,512,512,0.800000011920929,0.7421875,0.7421875,158,245,260,260,1,152.78,True,3,261.59,True,1,258.12,True,5,1
009,303,245,415,0.8000000715255737,0.8125,0.8125,175,252,260,260,1,226.86,True,1,315.17,True,3,318.62,True,5,1
010,350,512,512,0.7989501953125,0.9459999799728394,0.9459999799728394,182,245,250,275,1,195.33,True,3,245.68,True,1,251.33,True,5,1
011,313,512,512,0.7989501953125,0.9760000109672546,0.9760000109672546,163,270,260,272,1,183.8,True,3,316.14,True,2,324.42,True,6,2
012,265,512,512,1.0,0.87890625,0.87890625,143,193,183,207,1,204.55,True,3,279.4,True,1,275.09,True,5,1
013,375,512,512,0.800000011920929,0.78125,0.78125,166,261,262,263,1,167.23,True,1,288.94,True,3,300.01,True,5,1
014,298,329,458,1.0,0.7890625,0.7890625,137,217,207,221,2,190.44,True,1,330.38,True,4,328.1,True,7,2
015,260,281,479,1.0,0.81640625,0.81640625,132,213,206,213,2,190.46,True,3,274.47,True,1,274.99,True,6,2
016,235,512,512,1.0,0.78125,0.78125,136,217,200,219,1,207.66,True,2,356.97,True,3,362.66,True,6,2
017,280,512,512,1.0,0.78125,0.78125,131,181,189,189,1,152.51,True,3,236.09,True,1,232.91,True,5,1
018,375,512,512,0.800000011920929,0.78125,0.78125,193,262,262,265,1,235.79,True,1,356.4,True,2,365.8,True,4,1
019,350,512,512,0.800048828125,0.6919999718666077,0.6919999718666077,197,247,237,267,2,183.07,True,1,246.91,True,1,243.7,True,4,1
020,350,512,512,0.7989501953125,0.7820000052452087,0.7820000052452087,169,255,241,266,2,185.24,True,2,312.89,True,1,311.92,True,5,2
021,350,512,512,0.7989501953125,0.7820000052452087,0.7820000052452087,185,280,269,287,1,200.52,True,3,350.63,True,3,359.29,True,7,2
022,341,512,512,1.0,0.84765625,0.84765625,158,214,217,218,1,175.16,True,1,327.67,True,1,329.09,True,3,0
023,325,394,395,0.800000011920929,0.77734375,0.77734375,189,269,260,269,1,182.65,True,2,320.67,True,2,338.85,True,5,2
024,350,512,512,0.7989501953125,0.781000018119812,0.781000018119812,170,278,274,280,2,206.44,True,4,286.97,True,3,289.01,True,9,3
025,257,355,467,1.0,0.77734375,0.77734375,132,192,182,197,1,165.01,True,3,249.56,True,4,251.24,True,8,2
026,279,512,512,1.0,0.814453125,0.814453125,136,203,214,214,1,186.63,True,3,297.4,True,1,300.84,True,5,1
027,313,512,512,0.7999998927116394,0.8309999704360962,0.8309999704360962,166,245,242,245,1,150.14,True,1,235.99,True,3,239.9,True,5,1
028,304,241,445,1.0,0.83203125,0.83203125,137,199,211,211,2,212.77,True,2,311.46,True,3,310.28,True,7,3
029,379,512,512,0.7999998927116394,0.783203125,0.783203125,154,239,251,256,2,152.17,True,1,242.31,True,2,239.26,True,5,2
030,285,512,512,1.0,0.771484375,0.771484375,143,222,205,222,1,209.66,True,2,360.03,True,3,373.98,True,6,2
031,312,512,512,1.0,0.78125,0.78125,135,222,219,224,2,168.87,True,2,284.98,True,4,289.83,True,8,3
032,350,512,512,0.7989501953125,0.7820000052452087,0.7820000052452087,169,244,235,244,1,161.1,True,2,245.52,True,3,242.82,True,6,2
033,365,263,403,0.800000011920929,0.798828125,0.798828125,195,270,278,278,2,252.96,True,1,355.27,True,2,347.24,True,5,2
034,363,512,512,0.7999999523162842,0.8500000238418579,0.8500000238418579,166,255,263,272,1,163.64,True,3,251.02,True,1,256.21,True,5,1
035,373,279,512,0.800000011920929,0.8080000281333923,0.8080000281333923,199,295,272,295,1,227.6,True,2,337.63,True,1,367.55,True,4,1
036,307,326,512,1.0,0.78125,0.78125,145,209,213,216,1,213.63,True,4,327.77,True,1,313.29,True,6,1
037,333,512,512,1.0060241222381592,0.78125,0.78125,148,201,203,223,2,172.98,True,2,273.26,True,2,262.66,True,6,3
038,350,512,512,0.801025390625,0.7820000052452087,0.7820000052452087,174,251,251,255,2,159.67,True,1,267.53,True,3,267.01,True,6,2
039,392,154,322,0.800000011920929,1.2200000286102295,1.2200000286102295,164,243,252,265,3,209.28,True,2,298.24,True,4,296.83,True,9,3
040,350,512,512,0.801025390625,0.7820000052452087,0.7820000052452087,167,245,235,248,2,152.43,True,2,199.2,True,2,199.56,True,6,3
041,374,331,512,0.800000011920929,0.7820000052452087,0.7820000052452087,161,259,256,264,2,176.23,True,4,324.69,True,1,309.43,True,7,2
042,350,512,512,0.7989501953125,0.8500000238418579,0.8500000238418579,183,258,252,262,1,183.68,True,1,283.94,True,3,286.36,True,5,1
043,274,512,512,1.0,0.86328125,0.86328125,141,205,202,229,1,215.11,True,2,303.53,True,2,316.01,True,5,2
044,409,183,370,0.625,0.8730469942092896,0.8730469942092896,217,340,345,347,1,171.09,True,1,302.64,True,2,297.18,True,4,1
045,274,248,407,1.0,0.859375,0.859375,144,213,215,231,2,213.36,True,3,359.27,True,2,349.83,True,7,3
046,275,512,512,1.0,0.78125,0.78125,144,213,204,214,1,220.11,True,1,281.92,True,4,293.61,True,6,1
047,193,512,512,1.2500052452087402,0.7480469942092896,0.7480469942092896,135,164,154,165,1,224.81,True,3,274.48,True,1,268.19,True,5,1
048,414,512,512,0.800000011920929,0.8828125,0.8828125,163,254,250,271,1,149.6,True,1,259.35,True,2,276.27,True,4,1
049,350,512,512,0.79998779296875,0.767578125,0.767578125,170,263,271,281,1,176.31,True,6,301.05,True,1,302.66,True,8,1
050,326,345,512,0.8000000715255737,0.68359375,0.68359375,179,267,276,276,1,187.57,True,1,330.49,True,3,341.53,True,5,1
051,350,512,512,0.800048828125,0.8579999804496765,0.8579999804496765,192,261,269,269,1,202.92,True,1,331.67,True,4,323.37,True,6,1
052,350,512,512,0.7989501953125,0.8659999966621399,0.8659999966621399,184,236,241,255,2,187.55,True,2,242.05,True,3,260.1,True,7,3
053,255,512,512,1.0,0.78125,0.78125,128,197,190,197,2,177.7,True,1,287.37,True,3,296.65,True,6,2
054,301,512,512,1.0,0.833984375,0.833984375,144,220,199,238,1,207.24,True,2,265.86,True,4,255.65,True,7,2
055,241,512,512,1.0,0.828125,0.828125,147,196,190,203,1,177.35,True,1,240.28,True,4,242.98,True,6,1
056,285,304,512,1.0,0.77734375,0.77734375,129,197,188,197,1,157.08,True,1,242.52,True,4,257.14,True,6,1
057,341,318,429,1.0,0.970703125,0.970703125,166,231,234,258,2,237.66,True,4,363.67,True,1,383.24,True,7,2
058,311,287,437,1.0,0.94140625,0.94140625,129,225,206,225,2,169.74,True,3,266.46,True,1,265.71,True,6,2
059,332,512,512,0.7999801635742188,0.873046875,0.873046875,176,251,256,265,1,214.84,True,2,304.34,True,2,317.89,True,5,2
060,333,266,418,0.800000011920929,0.8579999804496765,0.8579999804496765,203,269,275,284,2,233.29,True,1,339.39,True,3,333.56,True,6,2
061,350,512,512,0.7989501953125,0.7850000262260437,0.7850000262260437,171,263,249,263,1,169.97,True,1,252.67,True,3,249.67,True,5,1
062,303,280,511,1.0,0.783203125,0.783203125,141,217,218,228,2,210.16,True,2,334.5,True,1,340.99,True,5,2
063,271,240,512,1.0,0.806640625,0.806640625,132,214,212,217,3,213.33,True,1,329.65,True,1,331.46,True,5,1
064,350,512,512,0.801025390625,0.7820000052452087,0.7820000052452087,165,247,245,260,3,198.78,True,1,305.24,True,3,301.89,True,7,2
065,350,512,512,0.7989501953125,0.7820000052452087,0.7820000052452087,140,246,252,261,1,212.48,True,2,260.31,True,1,264.93,True,4,1
066,254,512,512,1.0,0.783203125,0.783203125,166,201,205,206,2,265.22,True,4,413.88,True,1,416.13,True,7,2
067,369,231,512,0.7999989986419678,0.9039999842643738,0.9039999842643738,204,248,248,251,2,200.42,True,1,299.11,True,2,299.69,True,5,2
068,350,512,512,0.7989501953125,0.8119999766349792,0.8119999766349792,192,272,282,291,3,231.56,True,1,366.2,True,3,369.88,True,7,2
069,350,512,512,0.800048828125,0.9039999842643738,0.9039999842643738,177,247,246,268,2,214.55,True,3,257.69,True,2,263.77,True,7,3
070,350,512,512,0.800048828125,0.6620000004768372,0.6620000004768372,205,253,257,280,2,173.75,True,2,281.78,True,1,285.07,True,5,2
071,319,209,351,0.800000011920929,0.9296875,0.9296875,159,250,244,266,2,155.76,True,2,233.73,True,1,238.79,True,5,2
072,267,301,403,1.0,0.8203125,0.8203125,136,220,214,220,1,206.11,True,2,328.85,True,1,332.08,True,4,1
073,329,512,512,0.800048828125,0.78125,0.78125,166,254,253,263,1,179.35,True,1,233.95,True,3,240.2,True,5,1
074,326,512,512,0.801025390625,0.9760000109672546,0.9760000109672546,204,258,251,259,2,242.99,True,1,333.44,True,2,330.63,True,5,2
075,294,512,512,1.0,0.853515625,0.853515625,169,215,210,220,3,202.46,True,3,331.66,True,1,330.99,True,7,2
076,350,512,512,0.801025390625,0.7820000052452087,0.7820000052452087,162,245,253,254,2,171.05,True,3,276.07,True,1,271.09,True,6,2
077,350,512,512,0.800048828125,0.7239999771118164,0.7239999771118164,187,235,254,254,1,186.41,True,4,251.04,True,1,266.65,True,6,1
078,388,249,458,0.7999267578125,0.8429999947547913,0.8429999947547913,184,262,255,271,1,192.95,True,2,325.33,True,1,321.36,True,4,1
079,268,275,471,1.0,0.693359375,0.693359375,147,216,213,233,1,161.18,True,3,246.73,True,3,237.76,True,7,2
080,353,512,512,1.0,0.775390625,0.775390625,148,217,222,230,2,240.17,True,1,381.05,True,1,394.74,True,4,1
081,342,268,416,0.800000011920929,0.796999990940094,0.796999990940094,160,260,256,268,1,212.0,True,1,326.76,True,2,321.35,True,4,1
082,312,305,512,1.0,0.8125,0.8125,147,216,216,217,1,211.86,True,1,297.66,True,2,293.11,True,4,1
083,350,512,512,0.79998779296875,0.748046875,0.748046875,152,250,250,251,1,150.59,True,3,287.69,True,2,290.14,True,6,2
084,268,512,512,1.0,0.849609375,0.849609375,144,221,199,232,2,167.5,True,4,315.44,True,2,311.49,True,8,3
085,356,235,413,0.8000000715255737,0.9140625,0.9140625,181,257,252,275,2,184.56,True,4,282.12,True,2,272.28,True,8,3
086,265,283,512,1.0,0.658203125,0.658203125,139,219,216,224,2,150.86,True,3,263.79,True,2,277.1,True,7,3
087,312,295,462,0.800000011920929,0.80859375,0.80859375,170,264,261,265,3,194.99,True,4,338.91,True,1,350.99,True,8,2
088,406,251,499,0.800000011920929,0.890625,0.890625,188,267,259,268,1,210.84,True,1,374.39,True,2,368.29,True,4,1
089,291,512,512,1.0,0.775390625,0.775390625,160,202,197,202,1,225.68,True,3,330.99,True,2,330.65,True,6,2
090,301,512,512,0.801025390625,0.9760000109672546,0.9760000109672546,180,246,252,252,1,187.95,True,2,267.74,True,3,270.29,True,6,2
091,274,512,512,1.0,0.6953125,0.6953125,122,185,180,198,1,146.13,True,3,200.3,True,1,211.12,True,5,1
092,293,512,512,1.0,0.880859375,0.880859375,137,226,214,226,1,222.53,True,2,363.39,True,2,368.32,True,5,2
093,325,512,512,1.0,0.763671875,0.763671875,165,209,216,217,1,235.14,True,3,367.18,True,1,363.68,True,5,1
094,313,512,512,0.7989501953125,0.9760000109672546,0.9760000109672546,171,263,267,276,2,185.21,True,1,262.55,True,2,260.63,True,5,2
095,257,512,512,1.0,0.6796875,0.6796875,131,191,202,205,1,160.31,True,3,271.28,True,1,274.84,True,5,1
096,350,512,512,0.7989501953125,0.7820000052452087,0.7820000052452087,173,244,243,249,1,181.89,True,2,258.91,True,3,269.43,True,6,2
097,300,512,512,1.0,0.87890625,0.87890625,149,214,210,227,2,179.29,True,2,356.19,True,2,355.93,True,6,3
098,350,512,512,0.801025390625,0.7820000052452087,0.7820000052452087,198,250,243,258,2,239.48,True,2,282.61,True,1,274.12,True,5,2
099,286,238,459,1.0,0.779296875,0.779296875,130,184,191,205,2,151.17,True,2,215.46,True,2,224.4,True,6,3
100,350,512,512,0.801025390625,0.8659999966621399,0.8659999966621399,152,239,235,254,2,140.71,True,3,217.24,True,2,223.51,True,7,3
